epoch,train_loss,val_loss
1,0.2345074750483036,0.04953239485621452
