epoch,train_loss,val_loss
1,0.2071867771446705,0.047843825072050095
